"disease","country","mean_value","lower_95","upper_95","median_value"
"COVID-19","AFG",4.714522,2.565756,6.926072,4.698095
"COVID-19","AGO",7.521262,5.496724,9.71031,7.412868
"COVID-19","ALB",21.143694,13.22296,31.703243,20.482221
"COVID-19","ARM",5.027445,1.620839,7.92095,5.163676
"COVID-19","AZE",17.759419,11.104218,28.225861,16.925459
"COVID-19","BDI",4.948376,-32.771973,37.796077,5.119973
"COVID-19","BEN",3.018231,1.817012,4.664751,2.956972
"COVID-19","BFA",3.948678,1.772754,6.379614,3.952397
"COVID-19","BGD",5.478474,3.823635,7.930902,5.259781
"COVID-19","BIH",35.739034,24.513135,48.50135,35.554354
"COVID-19","BLR",18.193379,11.02967,26.63845,17.968104
"COVID-19","BLZ",7.405831,4.089264,11.23412,7.318039
"COVID-19","BOL",5.786028,3.159841,9.409067,5.655687
"COVID-19","BTN",16.943927,9.436132,25.65938,16.811656
"COVID-19","CAF",3.092915,1.480188,5.194947,3.055264
"COVID-19","CHN",0,0,0,0
"COVID-19","CIV",3.161884,1.701673,6.577184,2.978003
"COVID-19","CMR",3.465509,1.712285,5.331065,3.464387
"COVID-19","COD",4.319768,-1.12831,9.705313,4.282568
"COVID-19","COG",11.287333,9.782212,13.060668,11.252009
"COVID-19","COL",13.143525,5.312239,24.966041,12.194332
"COVID-19","COM",3.905298,2.363824,6.407794,3.65907
"COVID-19","CPV",6.323879,3.631976,11.243157,5.782781
"COVID-19","CUB",24.082023,13.302666,41.374005,23.299747
"COVID-19","DJI",7.385979,6.236849,8.887997,7.346077
"COVID-19","DMA",0,0,0,0
"COVID-19","DZA",10.234719,8.451749,12.26098,10.175952
"COVID-19","ECU",14.55675,6.203216,31.329453,13.161274
"COVID-19","EGY",9.120767,7.150349,11.297515,9.070393
"COVID-19","ERI",NA,NA,NA,NA
"COVID-19","ETH",2.554692,0.683731,4.890838,2.510387
"COVID-19","FJI",4.948501,2.815892,8.408986,4.721238
"COVID-19","FSM",1.9529,1.020971,2.88512,1.935634
"COVID-19","GEO",10.90095,7.203893,15.051938,10.890065
"COVID-19","GHA",3.244033,1.533337,5.276189,3.205391
"COVID-19","GIN",3.99918,1.953152,7.534314,3.788385
"COVID-19","GMB",3.299427,0.769354,5.828638,3.347361
"COVID-19","GNB",4.051515,1.319538,6.840145,4.034493
"COVID-19","GRD",9.991557,7.209397,13.212077,9.894333
"COVID-19","GTM",16.648758,10.938711,23.922177,16.488163
"COVID-19","GUY",6.375132,3.52334,11.456338,5.964922
"COVID-19","HND",3.455029,2.064636,5.013002,3.420789
"COVID-19","HTI",2.447267,-0.374597,5.251724,2.444578
"COVID-19","IDN",6.81339,3.948231,11.308813,6.656932
"COVID-19","IND",13.648411,6.899465,23.676444,12.97855
"COVID-19","IRN",3.393735,1.834636,5.417652,3.370127
"COVID-19","IRQ",21.717994,10.261096,37.850116,20.70494
"COVID-19","JAM",14.188141,8.309747,21.399986,14.068164
"COVID-19","JOR",21.00624,10.197513,36.986076,19.45887
"COVID-19","KEN",2.426767,0.902915,4.598939,2.334065
"COVID-19","KGZ",3.454617,1.971445,4.934636,3.490694
"COVID-19","KHM",9.766035,5.367117,16.025594,9.569253
"COVID-19","KIR",0.472189,-0.011406,1.006705,0.453407
"COVID-19","LAO",9.721636,5.710921,14.923591,9.504351
"COVID-19","LBR",0.821945,-0.099441,1.711503,0.824583
"COVID-19","LCA",7.189092,5.352178,10.532943,7.03371
"COVID-19","LKA",9.943645,5.968975,17.850387,8.814296
"COVID-19","LSO",2.195856,1.444479,3.232953,2.118619
"COVID-19","MAR",8.784629,5.91175,13.716728,8.49177
"COVID-19","MDA",3.41603,2.28162,4.888799,3.370574
"COVID-19","MDG",3.674521,-2.086404,10.043333,3.566824
"COVID-19","MDV",10.22243,5.021746,17.967565,9.84077
"COVID-19","MHL",0,0,0,0
"COVID-19","MKD",22.822378,11.807903,33.610965,23.044688
"COVID-19","MLI",3.343373,0.720258,6.239877,3.362131
"COVID-19","MMR",7.334902,5.333323,10.055604,7.181367
"COVID-19","MNG",10.014378,5.115136,17.60651,9.483558
"COVID-19","MOZ",2.766038,1.226551,4.277998,2.794543
"COVID-19","MRT",8.899426,7.336742,11.192102,8.714529
"COVID-19","MWI",2.464296,-0.619929,5.324284,2.515493
"COVID-19","NAM",10.885925,4.909743,19.024618,10.150879
"COVID-19","NER",3.707662,0.851385,6.334363,3.686286
"COVID-19","NGA",3.119313,2.071321,4.204703,3.116853
"COVID-19","NIC",3.655734,1.875331,5.852928,3.539982
"COVID-19","NPL",4.465322,2.461371,7.954903,4.103295
"COVID-19","PAK",5.030625,2.827369,8.284601,4.870249
"COVID-19","PER",24.151177,13.4512,39.936064,22.728393
"COVID-19","PHL",3.324089,1.988294,4.854158,3.288792
"COVID-19","PNG",2.191189,-0.937962,5.563196,2.145964
"COVID-19","PRK",NA,NA,NA,NA
"COVID-19","PRY",11.236249,5.845151,20.142403,10.527109
"COVID-19","PSE",4.805263,2.218067,7.913941,4.725608
"COVID-19","RWA",2.687409,1.201908,4.761541,2.576987
"COVID-19","SDN",4.447549,1.623162,7.141049,4.373096
"COVID-19","SEN",4.528224,1.656271,7.400847,4.570395
"COVID-19","SLB",3.177628,2.054372,4.506152,3.130507
"COVID-19","SLE",1.041345,-0.140844,2.236654,1.05092
"COVID-19","SLV",6.488904,3.843882,10.136955,6.292953
"COVID-19","SOM",2.884717,1.42469,4.670799,2.83958
"COVID-19","SRB",25.745668,18.030121,34.927433,25.14745
"COVID-19","SSD",2.417927,-0.718291,5.469352,2.36234
"COVID-19","STP",4.250945,2.832851,6.720328,4.093028
"COVID-19","SWZ",3.559162,2.221658,5.570707,3.455969
"COVID-19","SYR",1.800992,-1.886438,5.473284,1.823598
"COVID-19","TCD",1.061471,-0.616627,2.834398,1.059786
"COVID-19","TGO",4.040486,1.837868,6.496013,3.967469
"COVID-19","THA",28.371336,14.204203,53.09502,26.277161
"COVID-19","TJK",7.000991,5.959811,8.643952,6.91293
"COVID-19","TKM",4.015244,1.980213,6.772854,3.832695
"COVID-19","TLS",4.046293,2.445651,6.849141,3.786488
"COVID-19","TON",2.069184,0.630667,3.955849,1.983959
"COVID-19","TUN",5.748924,3.737617,8.450522,5.695118
"COVID-19","TUV",0,0,0,0
"COVID-19","TZA",1.708017,0.8734,2.661028,1.675385
"COVID-19","UGA",3.515426,1.236865,6.361231,3.409967
"COVID-19","UKR",6.755074,3.913987,10.596271,6.52941
"COVID-19","UZB",2.975935,1.863697,4.290064,2.934933
"COVID-19","VCT",1.702645,0.56657,3.433067,1.655111
"COVID-19","VEN",5.46971,3.356449,8.424263,5.343876
"COVID-19","VNM",13.876639,7.512915,21.719988,13.565637
"COVID-19","VUT",0.885135,0.231941,1.595988,0.879432
"COVID-19","WSM",3.237187,1.544438,5.766543,3.013805
"COVID-19","XK",0,0,0,0
"COVID-19","YEM",2.252615,-6.15296,10.301804,2.357871
"COVID-19","ZAF",15.474669,6.745297,29.924367,14.07579
"COVID-19","ZMB",2.670951,1.650183,4.083723,2.597943
"COVID-19","ZWE",9.019843,7.093262,11.672323,8.898249
"Cholera","AFG",1.226696,0.005211,2.557163,1.222434
"Cholera","CMR",1.658898,0.393029,7.068565,0.998469
"Cholera","COD",4.825826,0.899241,8.4407,5.036696
"Cholera","HTI",7.985117,0.530328,49.75552,3.519263
"Cholera","MOZ",1.737169,0.013715,3.565257,1.732929
"Cholera","MWI",0.71148,0.081653,1.477946,0.680831
"Cholera","NGA",3.567191,0.192436,6.800205,3.786068
"Cholera","SOM",11.576235,0.980279,21.501762,11.816968
"Cholera","YEM",11.877635,0.109641,23.151473,11.632072
"HPV","AFG",251.897386,140.227732,367.586416,252.595924
"HPV","AGO",267.805379,136.279376,412.327088,267.970499
"HPV","ALB",357.915832,87.201435,641.098314,356.710267
"HPV","ARM",1756.72468,203.746021,3478.315822,1789.723408
"HPV","AZE",143.938873,102.960073,196.205726,142.675505
"HPV","BDI",364.265171,106.610278,743.035977,351.548806
"HPV","BEN",298.708801,139.024282,456.266737,296.857391
"HPV","BFA",258.227701,167.118592,342.896879,262.639719
"HPV","BGD",511.428673,155.490111,943.96042,507.208591
"HPV","BIH",814.98323,142.696574,1546.073709,822.301368
"HPV","BLR",378.455735,114.672452,704.369176,378.149381
"HPV","BLZ",1065.846453,389.75492,1772.734028,1048.331598
"HPV","BOL",475.920987,399.003638,591.100962,469.478673
"HPV","BTN",2036.784419,228.463261,4132.394874,2057.779807
"HPV","CAF",1374.399496,194.337203,2683.895857,1359.58926
"HPV","CHN",385.28397,147.859384,662.67409,385.51867
"HPV","CIV",524.709533,305.323167,782.77325,520.058723
"HPV","CMR",910.106256,330.486543,1589.822066,930.362952
"HPV","COD",613.426822,313.95475,946.748742,603.660695
"HPV","COG",575.173749,176.476554,998.122072,582.914631
"HPV","COL",331.814354,194.281549,482.01165,327.320706
"HPV","COM",534.138859,301.271382,895.196483,513.335733
"HPV","CPV",3040.715327,363.247504,6006.665781,3000.2089
"HPV","CUB",584.212818,187.019787,1029.911125,576.530877
"HPV","DJI",767.037428,176.573092,1388.876638,768.405224
"HPV","DMA",1241.571871,324.386652,2306.680587,1242.99876
"HPV","DZA",226.860497,121.777208,342.37999,225.158053
"HPV","ECU",475.013412,232.864422,799.352461,478.220667
"HPV","EGY",273.095254,36.860476,533.783013,266.538126
"HPV","ERI",413.441786,217.139503,599.302256,417.121278
"HPV","ETH",279.724751,173.014641,398.935673,280.393558
"HPV","FJI",551.325456,368.481359,842.238401,533.230569
"HPV","FSM",554.0679,449.824958,666.91332,552.204563
"HPV","GEO",708.255828,170.200621,1265.525994,709.842719
"HPV","GHA",550.261614,272.402851,879.570451,547.353511
"HPV","GIN",845.279932,490.21895,1272.295351,825.265786
"HPV","GMB",433.501695,196.913943,753.687434,431.927289
"HPV","GNB",766.486742,360.31581,1120.418424,757.926055
"HPV","GRD",418.936879,277.680574,602.907906,412.505826
"HPV","GTM",619.52198,319.383219,971.753801,615.366588
"HPV","GUY",1359.061549,637.229,2151.689194,1361.303978
"HPV","HND",1260.304172,307.86201,2603.014044,1274.528734
"HPV","HTI",497.100946,147.400099,887.970101,498.245879
"HPV","IDN",560.066206,457.878258,713.605322,557.888188
"HPV","IND",500.277935,279.770818,761.365995,496.293842
"HPV","IRN",378.51131,44.10575,709.18912,369.649031
"HPV","IRQ",591.591065,35.13855,1187.813385,590.755622
"HPV","JAM",288.315438,121.43601,469.903908,288.726814
"HPV","JOR",71.432128,52.513092,90.923508,71.511077
"HPV","KEN",563.991705,383.81956,813.221985,559.354226
"HPV","KGZ",187.624146,122.628048,253.009708,187.806139
"HPV","KHM",1114.238465,176.063807,2138.336512,1122.190527
"HPV","KIR",337.541904,235.346535,448.642226,333.98823
"HPV","LAO",328.962291,143.840328,507.528056,327.168431
"HPV","LBR",530.178056,342.622898,794.6277,520.789333
"HPV","LCA",463.738908,286.13524,642.225116,462.614327
"HPV","LKA",255.825551,148.599443,398.579792,251.709907
"HPV","LSO",1156.229998,433.107033,1921.788618,1150.785083
"HPV","MAR",1263.494482,150.163374,2399.034834,1232.287784
"HPV","MDA",254.266767,181.451273,352.702818,250.528231
"HPV","MDG",1722.660816,513.362976,2941.704981,1712.743353
"HPV","MDV",2829.939307,442.997072,5396.928521,2821.290017
"HPV","MHL",404.26319,329.862322,484.570712,404.184878
"HPV","MKD",1667.440108,109.049264,3398.35057,1632.616695
"HPV","MLI",349.659603,266.744564,426.484194,350.324033
"HPV","MMR",1021.396079,240.405056,1943.736563,1021.953073
"HPV","MNG",339.515228,282.401718,407.328837,336.325338
"HPV","MOZ",676.933093,565.5082,784.905456,675.049299
"HPV","MRT",813.032792,334.101785,1291.424323,808.7749
"HPV","MWI",928.585743,766.460256,1135.460389,924.339726
"HPV","NAM",1114.43261,369.992443,1925.011781,1120.171146
"HPV","NER",316.476251,117.983295,502.695436,319.087941
"HPV","NGA",532.805535,154.41128,950.754044,533.317615
"HPV","NIC",419.108814,271.971657,574.329683,418.324242
"HPV","NPL",709.325844,249.73167,1222.72476,712.897744
"HPV","PAK",339.827465,72.969328,630.132884,342.675372
"HPV","PER",954.238708,332.593138,1655.176885,947.725123
"HPV","PHL",228.686106,172.217386,297.374395,228.402862
"HPV","PNG",350.930689,185.481988,743.102033,303.138344
"HPV","PRK",636.076176,150.219917,1164.942296,632.40158
"HPV","PRY",718.587166,450.514572,1027.926559,717.568742
"HPV","PSE",509.609503,87.145578,911.620181,500.484311
"HPV","RWA",537.159283,415.44016,645.644839,540.645875
"HPV","SDN",858.767425,102.602739,1670.044262,850.256095
"HPV","SEN",1472.878263,446.831369,2512.514067,1465.118777
"HPV","SLB",292.916267,119.964947,695.309594,247.549232
"HPV","SLE",457.151237,224.22915,737.960796,453.902614
"HPV","SLV",291.135128,158.83533,444.863481,288.59528
"HPV","SOM",638.105948,256.438194,1045.934215,635.031014
"HPV","SRB",1748.389261,218.458564,3611.217051,1700.504801
"HPV","SSD",374.256568,183.497958,550.499959,374.60552
"HPV","STP",1606.830056,127.390445,13551.485785,412.081564
"HPV","SWZ",1086.46387,852.813738,1351.805127,1082.276262
"HPV","SYR",135.746978,31.895101,225.044269,133.912723
"HPV","TCD",199.832771,155.026521,252.092903,198.789217
"HPV","TGO",256.606684,175.72948,348.050503,254.497108
"HPV","THA",316.597889,237.385698,410.580012,314.051424
"HPV","TJK",1805.505415,123.630229,3660.930248,1822.628203
"HPV","TKM",187.639414,144.374453,230.277888,188.292114
"HPV","TLS",162.713706,118.066151,235.126426,157.746193
"HPV","TON",2482.108172,481.717625,4573.679701,2434.838604
"HPV","TUN",307.551649,64.275296,574.242596,313.302522
"HPV","TUV",475.600629,327.3061,630.767265,476.43112
"HPV","TZA",1772.403038,1179.686486,2516.182328,1780.240604
"HPV","UGA",543.51606,297.856044,787.453768,546.134063
"HPV","UKR",189.299365,151.915885,241.179262,186.652732
"HPV","UZB",375.463817,155.329818,646.363505,378.149958
"HPV","VCT",1095.754477,278.894082,1919.796326,1079.429122
"HPV","VEN",786.893656,222.042873,1404.732388,791.469939
"HPV","VNM",198.107561,93.99099,310.010091,198.189126
"HPV","VUT",299.867509,113.059166,744.900657,257.310685
"HPV","WSM",277.16772,107.42118,873.445797,215.249466
"HPV","XK",1560.654139,85.71909,3165.962848,1539.409338
"HPV","YEM",206.845439,32.472279,394.668176,207.260206
"HPV","ZAF",391.816333,334.800161,466.049889,389.425712
"HPV","ZMB",3450.714284,877.428947,6512.597999,3480.829665
"HPV","ZWE",1822.639149,676.758752,3068.999616,1806.008385
"HepB","AFG",158.342272,35.711553,321.83138,156.450534
"HepB","AGO",129.9678,36.536647,254.701332,137.408693
"HepB","ALB",75.44832,19.115285,157.39012,78.889617
"HepB","ARM",77.847165,41.817331,132.412529,76.943259
"HepB","AZE",105.056003,74.432229,144.16613,102.382844
"HepB","BDI",113.834368,15.897837,264.721403,125.430712
"HepB","BEN",210.600324,120.845812,351.058238,201.612275
"HepB","BFA",122.836078,30.805529,224.628773,120.824011
"HepB","BGD",110.964095,13.5252,233.881303,112.966341
"HepB","BIH",87.693692,8.331512,238.810043,103.536587
"HepB","BLR",63.563097,15.060276,137.687061,67.185579
"HepB","BLZ",24.042776,6.329795,48.473639,24.595236
"HepB","BOL",30.24119,9.064492,47.801851,30.430823
"HepB","BTN",174.478822,107.433841,241.085455,175.443065
"HepB","CAF",126.275326,65.208711,200.049605,126.249926
"HepB","CHN",199.328254,81.828948,407.229769,202.322573
"HepB","CIV",134.215022,68.752818,209.63664,133.990469
"HepB","CMR",160.877699,50.005924,260.078269,158.677249
"HepB","COD",125.760781,22.718796,246.544781,124.145603
"HepB","COG",171.333597,73.43339,276.681355,169.259414
"HepB","COL",27.349312,5.143732,58.40655,29.152565
"HepB","COM",126.417723,23.354822,291.548375,140.677791
"HepB","CPV",190.588052,102.484009,319.41658,187.719916
"HepB","CUB",19.916131,14.352834,28.155763,19.482911
"HepB","DJI",96.586065,30.050008,198.575104,103.090893
"HepB","DMA",9.873294,0,20.362283,9.693754
"HepB","DZA",120.159279,19.942226,283.931417,131.224123
"HepB","ECU",32.896905,10.760706,59.479537,30.580366
"HepB","EGY",134.139364,86.741123,182.221376,134.171323
"HepB","ERI",149.745677,20.19111,350.643757,168.784287
"HepB","ETH",241.352914,150.012977,350.160314,237.625586
"HepB","FJI",112.377856,35.915361,244.41588,112.518609
"HepB","FSM",147.499079,52.68497,279.302265,150.540067
"HepB","GEO",95.562067,62.226151,134.031908,95.460261
"HepB","GHA",155.364493,25.342671,306.798329,153.726852
"HepB","GIN",223.682597,140.976162,388.200637,215.837185
"HepB","GMB",188.34606,88.823647,292.893681,187.207196
"HepB","GNB",170.333322,72.251292,255.445473,170.729296
"HepB","GRD",17.512504,0,42.265493,16.348715
"HepB","GTM",54.059262,31.715802,83.443694,52.564699
"HepB","GUY",24.966767,12.359689,45.606909,23.483411
"HepB","HND",29.196218,13.679561,49.649609,28.559787
"HepB","HTI",57.403916,10.955842,120.341444,56.20994
"HepB","IDN",147.989689,57.485071,306.474725,158.255896
"HepB","IND",110.518152,66.202546,157.96553,110.173633
"HepB","IRN",59.846695,26.282944,82.621499,61.932137
"HepB","IRQ",53.682786,13.272054,117.481376,57.457484
"HepB","JAM",8.605166,1.702446,16.105556,8.425689
"HepB","JOR",62.776811,10.115109,131.756298,65.401041
"HepB","KEN",154.108111,78.111214,271.10483,158.813703
"HepB","KGZ",86.756599,63.5082,115.60121,85.173605
"HepB","KHM",194.106117,88.291944,310.35988,190.15827
"HepB","KIR",196.265084,121.059072,300.152006,193.201771
"HepB","LAO",165.017044,38.037016,329.88088,166.049523
"HepB","LBR",241.640475,138.518244,342.897604,244.410807
"HepB","LCA",9.77568,0,21.285136,9.462588
"HepB","LKA",182.795508,16.59954,498.399779,221.864204
"HepB","LSO",106.793208,45.973051,197.277994,109.471778
"HepB","MAR",98.088023,24.488461,177.82946,97.334826
"HepB","MDA",87.177258,33.659402,150.007701,87.677955
"HepB","MDG",146.878012,45.921748,302.491684,159.432661
"HepB","MDV",76.521769,0,221.79374,93.545793
"HepB","MHL",106.611877,0,206.703037,107.306019
"HepB","MKD",73.196333,26.503405,146.800779,76.742509
"HepB","MLI",230.106457,113.610199,386.546358,220.319471
"HepB","MMR",188.712654,71.237078,344.639137,190.619666
"HepB","MNG",296.45629,223.379035,395.436641,291.052744
"HepB","MOZ",150.928816,76.868925,249.987034,154.513717
"HepB","MRT",164.005014,39.302168,309.300639,158.643227
"HepB","MWI",133.021824,31.739825,292.703794,140.087163
"HepB","NAM",70.800194,0,180.15821,80.62576
"HepB","NER",162.390752,62.498129,267.696679,162.312043
"HepB","NGA",119.612266,76.960674,172.362448,118.373184
"HepB","NIC",31.964593,1.558172,63.26395,31.555454
"HepB","NPL",115.784928,51.528993,202.603171,115.954199
"HepB","PAK",113.571365,53.434136,164.909267,114.70184
"HepB","PER",35.876494,23.394866,49.454365,35.780118
"HepB","PHL",178.859983,66.203131,313.491847,179.60812
"HepB","PNG",139.06303,59.21071,258.779347,142.803321
"HepB","PRK",207.283464,122.480447,332.082396,200.232339
"HepB","PRY",17.163447,8.521906,26.340714,17.138723
"HepB","PSE",42.800378,0,80.185101,42.001357
"HepB","RWA",128.756131,5.347553,325.328253,145.846857
"HepB","SDN",159.685939,10.313903,301.06411,157.824955
"HepB","SEN",164.25016,59.771915,286.08567,161.542956
"HepB","SLB",171.545187,93.782754,280.177133,168.876997
"HepB","SLE",227.668284,142.640825,358.108905,220.033665
"HepB","SLV",15.973891,12.318861,21.98045,15.546285
"HepB","SOM",169.883469,94.270299,227.728968,174.360385
"HepB","SRB",64.489921,17.571897,140.975234,68.932548
"HepB","SSD",135.798351,83.234721,209.330718,138.241358
"HepB","STP",142.191784,41.438942,257.222391,140.042142
"HepB","SWZ",116.562222,38.109634,243.183492,121.055013
"HepB","SYR",94.322777,27.665199,186.837435,92.610641
"HepB","TCD",162.693631,92.680581,220.780009,165.749647
"HepB","TGO",166.704545,75.92226,265.740245,167.842538
"HepB","THA",195.320729,47.554862,451.65455,221.276413
"HepB","TJK",100.569797,51.026572,150.565762,99.77259
"HepB","TKM",138.19812,75.634705,233.205975,141.16219
"HepB","TLS",120.700904,32.103326,273.497414,129.711796
"HepB","TON",209.672148,113.19153,299.658265,210.578075
"HepB","TUN",59.468365,35.056409,90.816988,58.530524
"HepB","TUV",101.483844,0,211.870981,98.239511
"HepB","TZA",123.883527,12.936202,322.554212,142.51321
"HepB","UGA",133.918349,53.838042,255.086175,139.874862
"HepB","UKR",70.880168,36.650411,126.632923,74.198404
"HepB","UZB",105.438325,45.256919,168.57712,103.920949
"HepB","VCT",11.958695,0,25.303369,12.195976
"HepB","VEN",27.43241,10.943482,41.968688,27.421798
"HepB","VNM",192.451642,38.874615,395.475793,192.715956
"HepB","VUT",211.26258,117.197776,335.078194,209.164635
"HepB","WSM",143.056055,47.217581,302.688991,139.020753
"HepB","XK",68.169332,0,154.756015,68.960561
"HepB","YEM",80.758871,13.399979,147.015461,79.98266
"HepB","ZAF",154.893644,51.484493,290.068879,158.016145
"HepB","ZMB",158.054808,49.349093,270.404355,159.494975
"HepB","ZWE",130.822911,51.116857,247.799844,136.952466
"Hib","AFG",274.702003,146.409673,508.084525,265.591213
"Hib","AGO",540.326067,247.223449,1010.637397,524.43547
"Hib","ALB",39.00523,23.988557,56.021597,38.924687
"Hib","ARM",47.488619,19.326119,97.295243,45.131717
"Hib","AZE",141.219627,53.120219,277.005432,141.041256
"Hib","BDI",278.596805,182.181409,431.188664,270.594818
"Hib","BEN",279.252611,167.717241,440.041082,276.138358
"Hib","BFA",212.222576,133.430103,384.913246,194.456242
"Hib","BGD",134.659926,42.949096,288.080714,130.629853
"Hib","BIH",5.863283,2.33932,11.839747,5.618274
"Hib","BLR",11.238821,2.584555,29.426385,10.43418
"Hib","BLZ",29.624659,17.582549,46.443722,28.383127
"Hib","BOL",212.525745,49.683797,413.116325,209.897131
"Hib","BTN",110.889819,33.40353,241.771906,108.830498
"Hib","CAF",263.873294,32.366754,530.25064,241.29867
"Hib","CHN",52.929021,-1.561029,157.91556,49.336665
"Hib","CIV",128.062349,49.363576,222.420332,123.225002
"Hib","CMR",261.970869,143.687587,463.180659,249.52985
"Hib","COD",320.461699,171.285096,570.3096,302.787846
"Hib","COG",141.614585,57.752931,289.440961,137.56385
"Hib","COL",38.199606,23.85942,58.811133,37.121891
"Hib","COM",233.141392,85.507112,437.412724,231.818924
"Hib","CPV",59.916137,28.182733,106.3542,59.322903
"Hib","CUB",12.440509,6.533435,19.750091,12.077227
"Hib","DJI",155.638382,86.024535,272.755821,147.953865
"Hib","DZA",57.850321,25.88183,102.181844,57.246769
"Hib","ECU",57.767119,40.531318,80.428822,56.876078
"Hib","EGY",55.274056,26.612389,105.635262,53.004075
"Hib","ERI",206.648822,78.688757,399.106066,203.12061
"Hib","ETH",312.934494,73.757973,670.234229,310.311662
"Hib","FJI",103.244705,59.557696,156.926822,101.976373
"Hib","FSM",150.474845,70.900525,265.357147,145.80975
"Hib","GEO",28.65259,10.241964,53.434086,28.36366
"Hib","GHA",101.735578,73.595559,146.36845,99.138886
"Hib","GIN",277.620396,91.809895,584.515523,249.192447
"Hib","GMB",174.120125,105.278382,270.088754,169.872537
"Hib","GNB",211.612087,115.814015,400.660708,199.583475
"Hib","GTM",100.570961,45.028356,172.099967,99.956033
"Hib","GUY",47.456732,28.939578,67.795287,46.677724
"Hib","HND",63.038499,35.753218,102.314793,61.62372
"Hib","HTI",265.117925,88.441307,591.754213,245.069522
"Hib","IDN",84.351391,31.463631,182.114186,77.979004
"Hib","IND",121.656481,40.457621,271.48217,109.490578
"Hib","IRN",65.510459,14.434248,135.495316,65.162687
"Hib","IRQ",56.8366,33.357106,93.024226,54.537501
"Hib","JAM",10.563903,6.854521,16.293732,10.108416
"Hib","JOR",31.24959,16.972162,50.436793,30.497395
"Hib","KEN",100.385261,73.153992,136.407805,98.213479
"Hib","KGZ",96.789169,36.230787,181.92571,95.368737
"Hib","KHM",168.469804,43.846888,356.25683,168.582722
"Hib","KIR",172.21442,117.61806,253.35387,167.244411
"Hib","LAO",274.158537,105.025824,534.310839,264.867744
"Hib","LBR",286.159416,126.185768,551.345504,276.011411
"Hib","LKA",16.818814,5.411813,33.654676,16.667028
"Hib","LSO",104.687716,39.05757,169.76839,103.805931
"Hib","MAR",99.796847,35.291384,184.454988,99.950719
"Hib","MDA",21.188419,11.406314,34.891801,20.263275
"Hib","MDG",202.7213,76.073033,401.130636,198.155424
"Hib","MHL",80.974581,66.13419,97.540425,80.926218
"Hib","MKD",10.000513,5.218932,16.840258,9.653932
"Hib","MLI",370.888856,138.241969,797.657399,364.443017
"Hib","MMR",156.441552,52.705992,331.633736,146.968813
"Hib","MNG",64.909592,37.977212,103.668659,63.599603
"Hib","MOZ",173.897878,102.671016,302.587705,165.738536
"Hib","MRT",236.870708,132.828064,398.912105,228.980618
"Hib","MWI",126.105993,88.09326,174.514796,125.204595
"Hib","NAM",47.841476,9.847211,92.938542,47.833279
"Hib","NER",540.356939,175.904151,1046.49771,533.054181
"Hib","NGA",215.480394,61.45323,510.14332,174.509279
"Hib","NIC",80.352394,52.146544,114.190247,79.381011
"Hib","NPL",110.706441,37.249613,242.586908,103.405378
"Hib","PAK",179.685745,110.586156,300.937244,170.489549
"Hib","PER",53.80739,26.581698,94.154764,52.186731
"Hib","PHL",85.930388,44.219293,162.254867,80.640871
"Hib","PNG",171.660735,61.05231,343.652251,159.770725
"Hib","PRK",93.691809,35.737706,194.10735,90.353414
"Hib","PRY",41.225256,26.900789,60.379836,40.530808
"Hib","PSE",8.701608,7.036142,10.695071,8.624152
"Hib","RWA",293.366934,85.761281,583.722013,291.963063
"Hib","SDN",283.349056,120.824885,504.847153,280.665936
"Hib","SEN",281.597363,97.235001,539.154397,283.681905
"Hib","SLB",107.983536,56.802911,172.523193,107.076779
"Hib","SLE",263.744369,166.349322,451.32096,245.955986
"Hib","SLV",49.154267,30.332997,77.464654,47.463667
"Hib","SOM",433.292968,114.737046,844.19892,393.179885
"Hib","SRB",8.10325,-16.430205,36.389543,5.462586
"Hib","SSD",319.889065,74.891801,765.954898,286.514442
"Hib","STP",99.016284,56.469427,157.429868,97.323424
"Hib","SWZ",98.319871,54.019818,142.754725,99.235205
"Hib","SYR",21.494167,6.567093,42.975955,21.05857
"Hib","TCD",478.497098,188.150443,968.383772,452.090521
"Hib","TGO",135.596581,77.408424,208.55938,133.909508
"Hib","THA",15.648748,-16.333776,56.145257,10.367872
"Hib","TJK",181.336979,100.018316,303.60961,178.188717
"Hib","TKM",116.421649,66.226176,172.59069,116.539783
"Hib","TLS",244.050333,104.994475,484.344248,240.068191
"Hib","TON",38.940122,28.780927,49.900976,38.732931
"Hib","TUN",25.843027,12.698614,47.390131,24.971752
"Hib","TUV",38.981066,29.814515,49.51607,38.780929
"Hib","TZA",172.659232,82.536374,304.243423,167.287999
"Hib","UGA",139.280749,89.222614,231.399748,129.795146
"Hib","UKR",17.382809,6.057006,35.137316,17.397412
"Hib","UZB",97.509265,67.949783,147.974947,94.69203
"Hib","VEN",30.70851,12.360896,55.100431,30.811475
"Hib","VNM",30.54716,16.931369,49.603725,29.692831
"Hib","VUT",50.98894,29.391915,72.72027,50.9548
"Hib","WSM",50.469309,22.626398,89.488733,50.152645
"Hib","XK",38.999793,29.704361,49.555493,38.944052
"Hib","YEM",212.481435,68.2196,425.322234,215.308014
"Hib","ZAF",78.689415,47.326245,107.411406,79.244253
"Hib","ZMB",172.67138,105.142528,291.232407,163.963267
"Hib","ZWE",71.138954,6.46902,155.838816,70.725675
"JE","BGD",53.431997,20.617216,90.993233,52.727721
"JE","BTN",29.818251,-0.572561,73.014943,29.860793
"JE","CHN",115.91869,3.401157,274.971602,113.620448
"JE","IDN",109.312551,3.8156,258.090334,110.66181
"JE","IND",59.13636,5.111805,132.484555,57.904262
"JE","KHM",97.143249,4.97928,212.920105,95.774733
"JE","LAO",104.682739,0.276227,232.867837,106.844692
"JE","LKA",104.59588,0.036664,245.558313,104.04703
"JE","MMR",98.987743,3.843832,227.846413,97.535475
"JE","NPL",64.216294,5.948495,138.213745,63.896368
"JE","PAK",19.724522,1.196509,44.733813,19.37589
"JE","PHL",29.493029,6.986884,56.798862,28.324856
"JE","PNG",15.208597,1.451734,32.177847,15.118475
"JE","PRK",48.449255,9.720276,94.10966,48.654662
"JE","THA",110.942579,1.400119,270.36387,108.894812
"JE","TLS",31.188216,0.00675,76.124069,30.158236
"JE","VNM",127.326962,24.046013,254.109752,127.633308
"Measles","AFG",663.461308,546.985577,827.920872,660.146915
"Measles","AGO",799.314091,521.912498,1134.467844,801.429167
"Measles","ALB",193.102661,88.849544,337.248152,191.630204
"Measles","ARM",162.003857,72.1471,276.548839,160.734683
"Measles","AZE",155.45411,51.825716,289.441645,157.160003
"Measles","BDI",448.813465,335.026642,620.953939,449.891453
"Measles","BEN",901.914138,507.543779,1391.264762,899.210417
"Measles","BFA",762.265029,391.538783,1205.519159,763.322233
"Measles","BGD",344.193864,178.211224,561.789249,341.768204
"Measles","BIH",230.556751,124.25271,382.462209,230.48897
"Measles","BLR",230.645069,87.813297,411.233598,227.165848
"Measles","BLZ",275.310671,118.229159,479.506982,276.633572
"Measles","BOL",368.238885,191.475144,602.470109,374.31467
"Measles","BTN",425.428849,229.300807,692.367487,426.129039
"Measles","CAF",710.474855,479.875606,997.069091,716.538328
"Measles","CHN",269.447924,106.343616,494.776129,271.20326
"Measles","CIV",681.337637,320.496221,1141.608408,688.620837
"Measles","CMR",494.186208,284.201827,759.02607,492.773778
"Measles","COD",509.287513,422.255745,631.937936,508.988353
"Measles","COG",431.365118,256.510109,650.670907,431.306261
"Measles","COL",254.687972,77.158008,514.675894,262.065271
"Measles","COM",340.676681,195.081219,539.879047,343.54822
"Measles","CPV",624.3534,283.641927,1108.711665,621.110189
"Measles","CUB",266.871638,91.277753,492.792306,266.942722
"Measles","DJI",707.868737,407.995584,1130.195993,705.571264
"Measles","DMA",204.720766,96.743212,361.521128,204.573335
"Measles","DZA",468.500193,170.535524,855.244255,466.363891
"Measles","ECU",209.686851,70.652499,397.860535,212.142002
"Measles","EGY",155.447743,58.235389,282.319392,154.252392
"Measles","ERI",599.490799,337.898133,968.461904,597.283805
"Measles","ETH",599.596233,405.025047,836.549479,598.891757
"Measles","FJI",228.430594,120.520675,380.914637,226.683591
"Measles","FSM",191.256105,148.649274,257.047867,191.003796
"Measles","GEO",144.062601,69.447896,243.488864,142.095887
"Measles","GHA",430.792057,225.883187,704.425762,431.23474
"Measles","GIN",748.387647,442.598629,1118.112169,745.983482
"Measles","GMB",897.437752,346.721332,1585.731029,892.977063
"Measles","GNB",880.299255,418.76385,1476.217282,882.874592
"Measles","GRD",266.187692,125.963031,449.328649,264.794306
"Measles","GTM",494.775386,218.223527,885.901351,502.21415
"Measles","GUY",214.022669,98.552526,365.561324,215.382316
"Measles","HND",447.147451,183.486023,790.417236,443.366818
"Measles","HTI",459.805611,184.475088,805.7008,460.694046
"Measles","IDN",274.152796,152.659604,454.961453,274.169498
"Measles","IND",504.332913,375.808048,687.045633,499.925685
"Measles","IRN",351.408304,133.404054,654.342017,345.686692
"Measles","IRQ",287.024301,108.358001,513.244845,283.073262
"Measles","JAM",207.584235,73.820911,385.817754,206.841699
"Measles","JOR",266.479088,96.980712,486.032581,267.34499
"Measles","KEN",206.080886,85.462953,356.704751,202.585814
"Measles","KGZ",117.137738,53.78124,204.571547,117.402669
"Measles","KHM",292.846728,149.848026,481.945785,291.914696
"Measles","KIR",308.090245,174.011013,478.678414,308.298816
"Measles","LAO",420.364727,191.999461,695.702063,416.134771
"Measles","LBR",780.45348,590.992975,1040.76708,781.819546
"Measles","LCA",171.217057,70.760004,313.908983,171.986038
"Measles","LKA",139.733056,56.181135,250.83979,138.572582
"Measles","LSO",166.949248,105.21499,255.453487,164.648828
"Measles","MAR",788.603796,354.202972,1371.723659,792.627459
"Measles","MDA",91.575321,47.572969,154.468211,92.362203
"Measles","MDG",352.61104,189.246426,554.134838,356.254672
"Measles","MDV",317.887918,113.156939,580.244273,315.612969
"Measles","MHL",641.430987,407.949439,987.61881,651.448867
"Measles","MKD",215.099425,101.225934,365.042792,212.585394
"Measles","MLI",949.554951,535.03323,1448.939698,948.052846
"Measles","MMR",299.025817,155.303188,489.421075,297.473313
"Measles","MNG",291.487855,103.772809,513.721247,288.386846
"Measles","MOZ",627.968275,301.097105,1063.927616,630.705699
"Measles","MRT",561.335406,252.466391,913.799227,550.873167
"Measles","MWI",263.644807,151.863578,413.843522,263.096614
"Measles","NAM",195.877282,103.842421,310.258504,195.862415
"Measles","NER",933.187043,719.420817,1200.579641,935.689039
"Measles","NGA",467.707228,313.151173,656.661193,470.242881
"Measles","NIC",355.292907,180.070388,598.410362,358.022837
"Measles","NPL",343.675504,191.052999,558.255521,344.786343
"Measles","PAK",433.948817,239.095962,672.984883,433.432315
"Measles","PER",341.75267,187.89181,553.355119,345.225875
"Measles","PHL",205.154118,107.40168,334.73261,206.461269
"Measles","PNG",448.11068,230.685623,721.583095,442.718539
"Measles","PRK",169.176287,79.3105,286.265172,168.749066
"Measles","PRY",226.877932,86.849891,403.597523,225.234094
"Measles","PSE",206.554593,93.426853,367.18308,204.228627
"Measles","RWA",394.800783,219.733028,634.098039,389.315821
"Measles","SDN",344.835488,274.510086,454.578098,341.322864
"Measles","SEN",892.269868,420.165452,1491.949291,895.704717
"Measles","SLB",349.427092,173.627325,573.070163,352.681343
"Measles","SLE",720.606538,405.751601,1137.277944,721.68506
"Measles","SLV",419.080011,228.132161,691.424627,416.277397
"Measles","SOM",915.986854,773.611446,1067.898332,919.073963
"Measles","SRB",161.503376,73.031077,285.479711,161.076989
"Measles","SSD",965.289227,561.729745,1424.870783,956.328595
"Measles","STP",740.636749,395.750717,1220.635448,737.696212
"Measles","SWZ",138.842895,61.716173,242.021609,136.340912
"Measles","SYR",201.049428,91.738934,332.563502,200.912172
"Measles","TCD",801.41117,565.563315,1095.584451,799.305218
"Measles","TGO",525.10968,278.116323,844.336044,526.469648
"Measles","THA",260.829258,101.309105,472.082085,260.219091
"Measles","TJK",143.663408,66.289583,247.532966,143.624236
"Measles","TKM",229.827121,88.883866,412.539624,230.499045
"Measles","TLS",293.167429,159.30263,459.167598,295.07552
"Measles","TON",141.660798,66.520778,244.439431,140.401817
"Measles","TUN",442.223725,150.617419,833.996419,440.993138
"Measles","TUV",327.91908,228.524112,469.329883,328.933827
"Measles","TZA",334.399984,160.958381,570.906775,335.106525
"Measles","UGA",262.869737,152.801182,414.70508,262.337376
"Measles","UKR",182.623105,87.359367,306.481765,181.620448
"Measles","UZB",117.290122,48.287895,216.813319,117.733394
"Measles","VCT",370.015334,169.005444,644.939774,367.380848
"Measles","VEN",358.611219,116.728351,652.225877,359.807594
"Measles","VNM",156.026773,65.267934,280.604302,153.655389
"Measles","VUT",298.242484,155.710563,472.134652,298.846225
"Measles","WSM",117.351671,69.253761,178.686846,116.886439
"Measles","XK",331.853698,172.448091,536.083159,331.99914
"Measles","YEM",449.157617,226.248646,739.290132,448.134736
"Measles","ZAF",196.181915,77.43398,348.341793,192.469629
"Measles","ZMB",265.842744,131.76481,444.294933,266.210173
"Measles","ZWE",159.583349,68.849933,274.69459,161.046002
"MenA","BDI",32.34769,20.708215,46.283834,31.842416
"MenA","BEN",36.856355,25.222196,50.914081,36.712212
"MenA","BFA",43.153858,19.807763,56.348339,44.810379
"MenA","CAF",35.651267,24.760514,52.521608,34.372761
"MenA","CIV",37.056783,23.626138,54.402364,36.476129
"MenA","CMR",25.159913,17.844776,32.180894,25.307903
"MenA","COD",30.676483,21.738187,45.294083,29.453701
"MenA","ERI",27.372909,10.55185,37.649171,28.13787
"MenA","ETH",38.459299,27.229543,51.705763,38.49638
"MenA","GHA",37.792355,25.64892,50.68208,37.99487
"MenA","GIN",29.305729,20.026278,44.060321,28.689651
"MenA","GMB",44.066836,28.74283,57.627821,44.583423
"MenA","GNB",29.343773,20.578051,43.391591,28.545805
"MenA","KEN",28.977914,9.354633,43.230039,29.093913
"MenA","MLI",48.33142,31.862712,63.498025,48.247918
"MenA","MRT",34.123288,23.914654,45.957872,33.872021
"MenA","NER",47.753343,27.916765,62.092551,48.703264
"MenA","NGA",27.619051,16.524101,38.406706,28.133443
"MenA","SDN",45.281506,31.005115,60.429237,45.255409
"MenA","SEN",53.579773,25.769921,73.140968,54.682115
"MenA","SSD",19.026139,13.498406,25.918837,18.87387
"MenA","TCD",33.639971,22.775949,45.980892,33.540162
"MenA","TGO",29.036776,20.091379,38.797241,29.036563
"MenA","TZA",11.772837,5.797607,29.159714,10.193305
"MenA","UGA",30.851068,21.024369,44.131352,30.401454
"MenACWYX","BDI",61.393095,23.024671,95.115354,60.14553
"MenACWYX","BEN",53.27136,1.035439,104.769642,54.933231
"MenACWYX","BFA",50.105958,17.023494,85.277048,49.287166
"MenACWYX","CAF",73.49189,33.992317,112.507161,74.382457
"MenACWYX","CIV",61.089587,13.030509,103.859309,63.463337
"MenACWYX","CMR",57.03794,8.560437,97.751701,58.122471
"MenACWYX","COD",66.793079,30.244263,112.250417,64.79605
"MenACWYX","ERI",79.349624,35.265874,121.422501,79.528257
"MenACWYX","ETH",61.280365,17.430038,99.028277,60.822108
"MenACWYX","GHA",51.02503,19.294272,85.92751,50.787406
"MenACWYX","GIN",65.801486,28.662432,102.39222,65.938772
"MenACWYX","GMB",50.617324,16.197341,86.701827,50.655326
"MenACWYX","GNB",62.697185,29.991279,99.20979,63.630621
"MenACWYX","KEN",55.63327,22.670026,87.230576,55.791626
"MenACWYX","MLI",55.58896,15.200156,105.96761,54.763197
"MenACWYX","MRT",64.171542,25.315205,118.667068,64.622967
"MenACWYX","NER",54.843436,-2.135169,117.791139,53.852963
"MenACWYX","NGA",53.310471,23.999689,90.23173,53.699515
"MenACWYX","RWA",63.76957,30.946567,96.192829,63.6611
"MenACWYX","SDN",65.497667,18.797997,112.644131,65.370012
"MenACWYX","SEN",63.093018,2.169995,118.758733,61.729432
"MenACWYX","SSD",56.304785,23.832692,88.673622,56.316071
"MenACWYX","TCD",48.574407,9.592052,82.245926,47.167905
"MenACWYX","TGO",60.99341,16.251949,103.423482,61.20667
"MenACWYX","TZA",76.436397,19.609368,132.659159,76.990414
"MenACWYX","UGA",63.911702,26.124868,102.551306,64.087312
"Meningitis","BDI",40.983977,26.432443,53.572454,41.167709
"Meningitis","BEN",42.9186,23.586817,65.50457,43.465631
"Meningitis","BFA",41.576315,28.140886,55.529787,41.424287
"Meningitis","CAF",45.705264,30.98666,60.680032,46.74887
"Meningitis","CIV",43.817242,25.93788,62.663925,44.626387
"Meningitis","CMR",35.945623,21.106971,48.871068,36.648993
"Meningitis","COD",46.485915,29.326016,67.40699,46.353308
"Meningitis","ERI",44.799777,32.241461,59.111912,44.844665
"Meningitis","ETH",47.806576,31.093091,62.830353,47.135272
"Meningitis","GHA",38.93529,26.790377,52.566312,38.585326
"Meningitis","GIN",40.947928,26.341993,53.334216,40.625292
"Meningitis","GMB",45.998832,27.833472,61.956788,46.362938
"Meningitis","GNB",41.979499,28.525918,54.070759,41.645613
"Meningitis","KEN",40.024521,29.162862,51.620441,39.471111
"Meningitis","MLI",46.293225,27.290217,64.641047,45.978022
"Meningitis","MRT",46.294757,30.815384,63.17889,46.045531
"Meningitis","NER",47.737065,21.66423,75.352992,48.303301
"Meningitis","NGA",37.678327,26.485054,51.022147,37.485861
"Meningitis","RWA",69.370713,36.281908,100.20463,69.236029
"Meningitis","SDN",50.030831,34.114423,64.894774,50.442742
"Meningitis","SEN",64.374727,35.631762,94.933917,64.131095
"Meningitis","SSD",30.876319,20.660162,41.475297,31.016861
"Meningitis","TCD",38.619146,24.700618,52.589234,38.708227
"Meningitis","TGO",39.560166,23.858891,53.91416,39.858772
"Meningitis","TZA",41.911506,14.889364,64.794127,42.769746
"Meningitis","UGA",43.630152,28.557574,58.131201,44.088048
"PCV","AFG",170.412627,8.433227,386.721288,148.990973
"PCV","AGO",349.699186,70.220724,844.451439,304.251866
"PCV","ALB",27.86094,7.404231,52.724155,26.747566
"PCV","ARM",37.233192,2.283991,97.757487,34.180335
"PCV","AZE",109.456923,17.047027,269.329462,108.078583
"PCV","BDI",175.495538,56.505934,355.494912,161.986604
"PCV","BEN",189.045717,45.206165,399.683929,174.764936
"PCV","BFA",124.771151,-29.02293,322.550883,107.167038
"PCV","BGD",87.576375,-11.390945,243.528136,84.500038
"PCV","BIH",2.928291,-20.466101,29.357296,0.548768
"PCV","BLR",8.708127,-12.64013,37.889689,4.868283
"PCV","BLZ",14.767478,-35.183732,63.920244,12.924943
"PCV","BOL",207.486251,38.148516,581.944913,191.448379
"PCV","BTN",51.758737,-95.206893,247.277273,25.690407
"PCV","CAF",179.541136,-90.800406,505.921375,146.930628
"PCV","CHN",46.709273,-51.77306,204.45327,35.878414
"PCV","CIV",62.249239,-38.44838,149.727765,67.37114
"PCV","CMR",190.615119,57.525826,413.266839,179.836348
"PCV","COD",223.372982,32.756502,564.35872,195.138375
"PCV","COG",108.688634,15.335421,266.525248,99.775503
"PCV","COL",28.744317,11.158506,62.330077,25.969531
"PCV","COM",139.591625,-269.774387,618.614983,68.500088
"PCV","CPV",43.430527,-114.264189,256.039276,17.249835
"PCV","CUB",9.677429,-18.486288,35.935276,7.621429
"PCV","DJI",106.895571,-6.938537,276.42572,93.500033
"PCV","DZA",44.23742,5.236907,118.999392,38.560103
"PCV","ECU",54.620326,23.900645,96.894885,52.779413
"PCV","EGY",31.223926,-60.819713,137.892993,13.175259
"PCV","ERI",150.971051,-14.054443,414.461336,132.231682
"PCV","ETH",199.025773,39.931549,454.884919,189.571503
"PCV","FJI",63.595349,17.801746,133.322408,57.605399
"PCV","FSM",119.025563,26.032986,280.66514,109.533911
"PCV","GEO",19.708703,3.70162,39.241036,19.586447
"PCV","GHA",66.716186,12.909144,144.822927,60.410254
"PCV","GIN",188.759277,-1174.644739,1746.675184,37.341283
"PCV","GMB",135.828663,50.192908,263.374475,129.289787
"PCV","GNB",142.536823,5.050242,363.610115,115.875417
"PCV","GTM",73.678929,21.421585,163.295903,68.02976
"PCV","GUY",38.551175,11.869317,60.875653,39.211062
"PCV","HND",54.533808,21.255809,111.854792,51.016455
"PCV","HTI",204.100969,-143.835025,641.323856,136.294638
"PCV","IDN",51.787469,-127.66331,276.374354,22.785587
"PCV","IND",67.70826,-127.15896,296.452476,37.250137
"PCV","IRN",54.899403,-29.426607,175.024906,49.236277
"PCV","IRQ",36.274392,-27.190276,136.783899,24.859592
"PCV","JAM",7.136861,4.476439,10.976771,6.927844
"PCV","JOR",14.088663,-51.99074,78.884736,6.510424
"PCV","KEN",56.707295,10.183839,116.494373,54.374484
"PCV","KGZ",80.663321,10.663362,211.039416,80.692185
"PCV","KHM",108.500452,6.389691,295.298152,92.868187
"PCV","KIR",97.824264,37.053893,190.36622,91.102966
"PCV","LAO",203.232649,46.107118,484.264528,198.319478
"PCV","LBR",188.208042,-33.671912,503.131922,157.471664
"PCV","LKA",13.945878,-27.387362,63.714537,8.690834
"PCV","LSO",57.589965,-4.870943,104.444154,59.800838
"PCV","MAR",71.362638,13.753604,181.18512,66.327382
"PCV","MDA",17.928671,0.443073,38.098352,15.885612
"PCV","MDG",141.982181,12.87987,355.496607,120.864835
"PCV","MHL",36.786166,20.406858,56.259514,36.466592
"PCV","MKD",5.940964,-25.128571,42.349788,4.365941
"PCV","MLI",271.037972,46.916319,684.118085,248.111017
"PCV","MMR",99.763723,-38.157869,292.368705,78.81175
"PCV","MNG",43.454582,-39.845977,135.002423,28.90918
"PCV","MOZ",111.395494,10.136356,257.094003,100.383907
"PCV","MRT",167.33001,46.038638,350.68602,158.260235
"PCV","MWI",74.629916,12.917468,153.823752,72.936168
"PCV","NAM",27.537548,1.832614,54.903045,27.425664
"PCV","NER",302.759023,83.480947,545.728461,302.903619
"PCV","NGA",154.181899,-47.529107,450.181011,112.999154
"PCV","NIC",76.724627,34.657667,147.268093,73.227443
"PCV","NPL",74.131061,-23.511325,222.701606,61.14408
"PCV","PAK",113.997346,26.061495,232.672572,105.213907
"PCV","PER",40.177026,13.866164,77.692671,35.620818
"PCV","PHL",64.142449,9.43689,164.885139,54.831459
"PCV","PNG",93.508961,-94.840612,291.078639,80.539672
"PCV","PRK",43.994931,-112.691165,228.162724,21.8839
"PCV","PRY",37.794286,13.916616,67.085382,35.546816
"PCV","PSE",5.037716,2.69761,7.357316,5.068337
"PCV","RWA",156.663851,28.398672,376.453723,142.256439
"PCV","SDN",183.412334,56.77491,393.774066,179.125499
"PCV","SEN",166.104111,24.328573,440.787484,144.614767
"PCV","SLB",70.397758,22.482467,148.3106,67.209317
"PCV","SLE",159.146415,23.32749,366.183623,140.285011
"PCV","SLV",36.297649,12.678651,67.099488,33.420929
"PCV","SOM",162.42738,-1583.016336,1821.415112,80.461582
"PCV","SRB",5.485043,-14.79511,29.631132,1.867463
"PCV","SSD",116.562817,-983.388854,1604.024478,38.25214
"PCV","STP",58.19075,4.425738,113.772649,56.846639
"PCV","SWZ",58.629175,38.188779,81.757931,58.370881
"PCV","SYR",10.914053,-164.66597,169.188664,1.184438
"PCV","TCD",296.928812,-1305.998078,2144.866315,100.414993
"PCV","TGO",87.536864,-17.359653,186.548583,86.885834
"PCV","THA",12.010472,-25.708863,54.028791,5.003466
"PCV","TJK",114.983888,-119.138068,412.432379,79.483372
"PCV","TKM",61.197185,-76.18911,210.73533,50.158785
"PCV","TLS",122.202812,-332.88765,682.874222,50.52408
"PCV","TON",21.618344,-29.283582,75.285936,17.215331
"PCV","TUN",16.778238,-11.29588,55.470738,11.304491
"PCV","TUV",12.259662,5.976829,18.501217,12.162094
"PCV","TZA",120.761607,24.571366,273.910477,105.789993
"PCV","UGA",82.174384,-4.681499,216.402522,71.884943
"PCV","UKR",6.089858,-53.587153,67.215628,2.068819
"PCV","UZB",59.116169,13.458348,126.199929,55.077456
"PCV","VEN",11.962797,-135.21819,164.280629,9.155664
"PCV","VNM",20.770141,-59.989639,108.577175,14.676117
"PCV","VUT",23.141512,-36.284969,97.20012,18.370633
"PCV","WSM",48.794693,-102.597363,225.147131,21.628634
"PCV","XK",17.856355,12.970051,23.340139,17.924586
"PCV","YEM",152.083674,27.960894,363.755904,146.501915
"PCV","ZAF",50.484028,7.440821,101.373647,48.157374
"PCV","ZMB",107.89753,1.199485,237.577599,95.833361
"PCV","ZWE",41.330392,1.273406,101.941306,39.150003
"Rota","AFG",92.898977,-17.273051,292.966189,58.400405
"Rota","AGO",167.734491,-27.805961,401.233507,149.180297
"Rota","ALB",3.509268,-13.018325,22.24447,1.963398
"Rota","ARM",7.859874,-6.278144,34.184644,2.978861
"Rota","AZE",17.908835,-134.464437,194.039024,5.769716
"Rota","BDI",71.285114,9.409829,124.530695,73.16647
"Rota","BEN",74.980175,-55.101816,197.459895,87.506479
"Rota","BFA",95.867133,-9.480893,160.265141,105.185407
"Rota","BGD",19.648728,-113.478418,131.846978,12.777305
"Rota","BIH",1.601992,-9.439763,13.867338,1.985871
"Rota","BLR",1.169045,-5.324259,8.251118,0.931028
"Rota","BLZ",5.64615,-8.592916,18.862689,5.971248
"Rota","BOL",71.43916,16.399532,199.672857,54.38557
"Rota","BTN",18.520331,-105.625261,155.620286,8.357279
"Rota","CAF",334.331152,-520.977922,972.975748,426.954093
"Rota","CHN",13.975851,-28.498118,87.955617,4.019741
"Rota","CIV",29.352864,-12.170101,66.479459,29.666812
"Rota","CMR",107.943174,-4.653712,217.121738,107.259123
"Rota","COD",90.4878,-174.527483,306.11443,107.299146
"Rota","COG",52.593613,-16.443425,119.594956,54.904693
"Rota","COL",10.626996,3.237812,18.822532,10.287955
"Rota","COM",50.446433,-201.187781,319.289175,47.431996
"Rota","CPV",10.26736,-14.267086,33.957753,11.57313
"Rota","CUB",1.511634,-3.760582,6.280962,1.477396
"Rota","DJI",44.520106,-11.847279,91.194121,47.300333
"Rota","DZA",19.025037,-74.132184,128.989266,6.852351
"Rota","ECU",12.349468,4.826046,22.079629,12.050728
"Rota","EGY",49.068987,-64.957611,173.907819,39.383492
"Rota","ERI",67.530366,9.9661,117.558286,70.571275
"Rota","ETH",49.811488,-24.752871,141.075434,41.019252
"Rota","FJI",17.324658,5.988687,40.914834,15.415164
"Rota","FSM",52.676472,3.53115,174.375672,34.808898
"Rota","GEO",3.94877,0.841728,10.135281,3.132389
"Rota","GHA",38.532552,-8.309593,77.047552,39.497227
"Rota","GIN",82.247454,-654.028785,762.887904,114.607666
"Rota","GMB",37.452658,-24.509555,111.706899,32.968861
"Rota","GNB",68.969939,-27.478573,196.197943,69.386012
"Rota","GTM",32.373497,15.035367,68.347283,26.115847
"Rota","GUY",21.107731,8.917739,46.199224,20.163483
"Rota","HND",21.60082,10.068417,39.60646,18.965849
"Rota","HTI",82.624086,-32.128903,239.497801,53.338368
"Rota","IDN",39.499925,-128.701836,206.671317,31.980729
"Rota","IND",26.063783,-48.675937,111.779895,17.412429
"Rota","IRN",13.344941,-11.360096,63.353127,6.236322
"Rota","IRQ",22.914066,-8.066175,74.366276,15.262235
"Rota","JAM",3.356193,1.896916,5.772933,3.235914
"Rota","JOR",9.166426,-1.78374,30.331359,5.606637
"Rota","KEN",59.119307,-5.61529,115.972556,64.712216
"Rota","KGZ",11.732271,-21.431356,63.851511,7.226726
"Rota","KHM",25.60175,-108.369327,207.111259,14.577546
"Rota","KIR",41.10204,4.779439,105.460415,33.281552
"Rota","LAO",53.59308,-449.547732,528.602573,77.518473
"Rota","LBR",78.569625,-71.895706,226.647437,75.833054
"Rota","LKA",2.509169,-11.091337,18.051394,2.263281
"Rota","LSO",34.764885,-13.029395,63.874872,38.698594
"Rota","MAR",29.016903,10.462831,68.669924,23.067734
"Rota","MDA",2.344958,-1.201665,6.969654,2.257598
"Rota","MDG",119.882017,-23.614307,246.39223,134.705985
"Rota","MHL",14.740094,4.143511,36.993026,13.613215
"Rota","MKD",5.140549,-17.368427,32.343403,2.724361
"Rota","MLI",64.007169,-58.794506,206.10316,57.411353
"Rota","MMR",41.573564,-41.175209,156.840329,29.817377
"Rota","MNG",21.373881,-28.206241,99.961441,11.795249
"Rota","MOZ",40.529286,-27.016849,103.487215,40.408977
"Rota","MRT",75.238006,-6.104973,145.958498,73.621833
"Rota","MWI",36.713411,-2.782909,66.569435,39.714227
"Rota","NAM",17.899349,-1.135645,32.669111,18.231271
"Rota","NER",169.780631,110.413157,224.540699,168.858652
"Rota","NGA",187.068042,-552.810767,696.627313,261.307328
"Rota","NIC",24.479638,8.822366,42.815726,24.205298
"Rota","NPL",22.808403,-148.070104,170.759125,21.056349
"Rota","PAK",55.005618,-46.44757,160.407318,53.218538
"Rota","PER",16.256727,3.556935,47.425099,10.554563
"Rota","PHL",24.49943,-174.911167,249.354082,16.570116
"Rota","PNG",88.828099,-413.694985,528.781109,118.487301
"Rota","PRK",25.57698,-28.607016,101.582847,13.717199
"Rota","PRY",14.31094,4.309275,35.791827,11.811539
"Rota","PSE",3.571032,1.225345,7.25347,3.528674
"Rota","RWA",58.039604,-2.321004,154.481401,48.577604
"Rota","SDN",60.435935,-8.350263,143.472406,54.027154
"Rota","SEN",86.624716,-17.274948,247.768809,69.298338
"Rota","SLB",26.218626,-2.872747,79.394276,19.517598
"Rota","SLE",60.656936,-27.883831,130.72366,63.205508
"Rota","SLV",14.322437,3.867863,27.731291,14.256544
"Rota","SOM",206.170303,-751.573422,1019.133476,237.973823
"Rota","SRB",1.331052,-7.361835,12.952556,0.986948
"Rota","SSD",153.684907,-633.275083,798.58769,156.75052
"Rota","STP",13.734983,-26.327599,57.352415,14.165257
"Rota","SWZ",50.77785,11.827086,81.170535,49.66231
"Rota","SYR",6.694241,-70.107151,86.355291,4.718983
"Rota","TCD",438.646176,-580.161579,1363.072501,475.232161
"Rota","TGO",97.04678,-8.241286,190.839667,99.62619
"Rota","THA",5.205762,-7.856435,17.591797,5.301043
"Rota","TJK",33.571642,3.776949,87.728286,27.966341
"Rota","TKM",37.08609,-33.400561,157.00808,20.750889
"Rota","TLS",40.848326,-129.60527,188.714562,46.144682
"Rota","TON",3.955945,-16.919595,28.188831,3.191571
"Rota","TUN",5.246857,-20.061669,38.168566,2.776309
"Rota","TUV",5.199911,0.967191,17.297179,3.248965
"Rota","TZA",41.434623,-5.25028,112.177864,33.988161
"Rota","UGA",34.758349,-39.643686,106.396098,29.648095
"Rota","UKR",1.155328,-20.17628,22.581036,1.503871
"Rota","UZB",23.176105,0.665977,75.13287,16.721537
"Rota","VEN",23.975293,6.560736,47.134744,21.539344
"Rota","VNM",14.673928,-41.881876,69.280508,11.892945
"Rota","VUT",28.565022,-43.276495,117.034767,19.654935
"Rota","WSM",9.774388,-45.515035,71.89287,5.584991
"Rota","XK",0.637376,-0.799123,2.085823,0.743912
"Rota","YEM",110.512195,44.102121,270.404018,76.095039
"Rota","ZAF",28.364551,2.007034,54.079927,29.155477
"Rota","ZMB",54.072533,2.42698,118.473165,51.526857
"Rota","ZWE",26.996216,-1.310184,60.437052,26.925351
"Rubella","AFG",31.330533,3.55413,81.31079,26.409981
"Rubella","AGO",9.846707,-14.545972,72.041645,3.155349
"Rubella","ALB",9.606032,-0.428331,29.471194,7.603867
"Rubella","ARM",11.423584,-4.902363,36.266802,9.587636
"Rubella","AZE",14.958409,1.667648,43.75379,11.475876
"Rubella","BDI",14.415091,-3.859134,65.213525,8.927795
"Rubella","BEN",36.851251,4.286916,78.501326,36.376407
"Rubella","BFA",5.081412,-6.42122,20.75117,4.50755
"Rubella","BGD",17.258199,3.92163,36.390948,16.961243
"Rubella","BIH",7.826559,-2.938923,23.470978,6.190806
"Rubella","BLR",13.809723,2.454059,36.047525,10.80542
"Rubella","BLZ",13.861859,-7.192946,41.119578,12.487912
"Rubella","BOL",14.750105,1.574583,49.889922,9.578766
"Rubella","BTN",8.975342,-2.123415,27.062862,7.645132
"Rubella","CAF",23.578697,-2.447852,86.048678,16.172728
"Rubella","CHN",1.855752,0.000206,3.897205,1.842043
"Rubella","CIV",4.391997,-21.447609,21.103833,8.065427
"Rubella","CMR",3.380025,-19.459672,31.721068,3.325854
"Rubella","COD",34.127341,-1.324086,105.82724,30.168329
"Rubella","COG",18.670458,-11.091198,93.530905,7.749738
"Rubella","COL",9.003081,1.234311,28.674159,6.063465
"Rubella","COM",1.176148,-41.823922,45.503173,1.511427
"Rubella","CPV",11.668258,-6.510554,42.690632,8.889103
"Rubella","CUB",11.492274,1.087086,33.807472,9.093296
"Rubella","DJI",9.08591,-45.623623,51.669838,11.99203
"Rubella","DMA",9.257164,-10.46263,34.615204,7.85472
"Rubella","DZA",43.034423,3.907611,91.783079,42.494662
"Rubella","ECU",9.548946,0.920065,30.93254,6.027794
"Rubella","EGY",7.850891,0.295247,17.446494,7.73397
"Rubella","ERI",19.091411,2.541419,54.790112,14.366156
"Rubella","ETH",36.959268,3.650658,97.763267,31.855426
"Rubella","FJI",26.706094,4.340781,49.089084,26.472964
"Rubella","FSM",13.145204,-4.488255,35.958493,12.518126
"Rubella","GEO",11.223602,-5.245662,32.466418,9.945223
"Rubella","GHA",27.392557,3.269999,66.507867,24.533401
"Rubella","GIN",20.987921,-1.700092,77.252123,15.089703
"Rubella","GMB",15.602804,-2.204161,63.707013,11.437249
"Rubella","GNB",20.388834,-43.991237,92.156544,18.492352
"Rubella","GRD",9.400635,-15.002532,35.325361,7.93588
"Rubella","GTM",12.2356,0.95785,38.534337,8.010744
"Rubella","GUY",12.486332,-4.4e-05,36.314721,9.677143
"Rubella","HND",14.041874,0.382161,48.357358,6.879001
"Rubella","HTI",0.122613,-11.484087,8.668235,0.779145
"Rubella","IDN",8.056458,5.206507,11.491549,7.922051
"Rubella","IND",23.052895,7.289514,49.571545,21.690191
"Rubella","IRN",10.695486,2.749375,19.798351,10.695371
"Rubella","IRQ",9.514993,-0.310817,26.91188,8.152877
"Rubella","JAM",13.133211,-0.0511,32.531712,12.175755
"Rubella","JOR",13.861033,1.561495,28.409955,13.794137
"Rubella","KEN",21.145173,3.299752,65.956247,14.624629
"Rubella","KGZ",18.92547,4.044597,42.137448,18.000611
"Rubella","KHM",12.532605,3.910867,24.844899,11.844628
"Rubella","KIR",24.159687,-15.271353,70.697146,22.923188
"Rubella","LAO",5.491753,0.94267,14.768896,4.726376
"Rubella","LBR",33.034359,1.174876,102.143033,24.689992
"Rubella","LCA",8.284859,-10.871488,29.53918,7.31534
"Rubella","LKA",13.211735,3.313951,35.723209,10.905214
"Rubella","LSO",8.964824,-26.604344,53.509915,7.571324
"Rubella","MAR",12.472453,1.73744,27.494574,11.578072
"Rubella","MDA",11.062773,-5.332305,35.884676,9.063686
"Rubella","MDG",16.636196,2.654465,40.721811,14.513967
"Rubella","MDV",8.087257,-2.899604,22.467302,7.296105
"Rubella","MHL",12.533772,-27.169046,40.973361,12.735352
"Rubella","MKD",7.495479,-7.607194,25.706441,6.576254
"Rubella","MLI",31.755223,0.314668,103.164025,24.754953
"Rubella","MMR",11.346531,2.087419,34.939832,7.352876
"Rubella","MNG",22.788273,-2.608624,60.748092,21.184887
"Rubella","MOZ",14.793613,5.55988,26.229985,14.242331
"Rubella","MRT",12.000347,-5.563831,64.614027,6.859999
"Rubella","MWI",18.673099,-0.267766,80.426358,11.965879
"Rubella","NAM",-2.967585,-12.365741,5.262619,-2.9259
"Rubella","NER",54.818444,5.258316,149.369955,44.536638
"Rubella","NGA",56.689394,8.916299,147.880666,47.529693
"Rubella","NIC",12.748442,-0.894586,45.913373,7.54645
"Rubella","NPL",3.806953,0.788728,7.701107,3.726827
"Rubella","PAK",2.238866,-12.139877,14.947643,2.294647
"Rubella","PER",14.566604,1.191679,38.352187,13.307059
"Rubella","PHL",20.293084,1.836759,56.844685,15.455212
"Rubella","PNG",32.412344,8.099722,78.578749,25.486784
"Rubella","PRK",23.363129,4.354761,63.740194,18.872458
"Rubella","PRY",10.112786,-0.679133,35.922483,6.037364
"Rubella","PSE",10.212363,1.045483,28.375223,8.262642
"Rubella","RWA",24.666352,3.509462,77.512009,18.990538
"Rubella","SDN",54.994494,1.909999,146.099887,52.136922
"Rubella","SEN",4.890397,-1.810858,14.37875,4.635114
"Rubella","SLB",28.507625,-0.141784,82.777798,21.344602
"Rubella","SLE",19.212068,2.162069,66.619184,13.004118
"Rubella","SLV",9.153509,1.076393,25.485149,6.755776
"Rubella","SOM",19.301438,-3.326776,55.793115,16.613225
"Rubella","SRB",10.218628,1.50882,26.305268,8.528829
"Rubella","SSD",27.533575,-0.292335,88.165713,21.709486
"Rubella","STP",25.356831,-29.222286,87.813698,23.691909
"Rubella","SWZ",3.897235,-29.828289,54.598252,1.041435
"Rubella","SYR",6.584976,-1.703596,21.980837,4.648468
"Rubella","TCD",31.169616,-2.338314,102.69031,24.291411
"Rubella","TGO",15.082404,-12.927594,77.190799,11.585799
"Rubella","THA",15.577804,4.297114,36.417305,14.801205
"Rubella","TJK",32.271071,3.124627,98.419451,25.749886
"Rubella","TKM",17.884661,2.394234,52.693459,14.397789
"Rubella","TLS",4.791663,-15.696456,39.868396,0.496379
"Rubella","TON",13.709572,-14.431277,38.842896,14.081553
"Rubella","TUN",1.964484,-4.543325,8.927911,1.979971
"Rubella","TUV",14.686657,-8.527452,47.776318,13.256677
"Rubella","TZA",22.960216,0.253985,67.760689,17.980011
"Rubella","UGA",10.454505,-11.221004,63.302439,5.737778
"Rubella","UKR",13.767367,2.120667,35.033406,10.837674
"Rubella","UZB",22.335607,2.457258,62.731531,18.146196
"Rubella","VCT",8.977218,-13.963409,35.734907,7.238276
"Rubella","VEN",12.532791,2.069646,32.32821,10.352824
"Rubella","VNM",36.879727,4.481793,86.809119,35.604703
"Rubella","VUT",29.904678,-11.334187,93.141741,24.603262
"Rubella","WSM",20.120096,-10.389366,60.087816,17.283778
"Rubella","XK",7.948895,-5.903617,25.317701,7.240835
"Rubella","YEM",0.78522,-10.66591,9.150626,1.378322
"Rubella","ZAF",10.917982,-8.534154,29.285559,11.367863
"Rubella","ZMB",33.819139,-1.137387,96.807049,24.080693
"Rubella","ZWE",11.54051,-10.143163,61.808881,5.596735
"Typhoid","AFG",21.821881,1.796829,121.374716,10.457853
"Typhoid","AGO",107.257485,12.766851,252.166089,95.016184
"Typhoid","ALB",1.727843,0.02168,9.282364,0.610872
"Typhoid","ARM",0.32054,0.004018,2.058882,0.13939
"Typhoid","AZE",0.80865,0.039667,4.411555,0.341299
"Typhoid","BDI",134.550171,9.99585,574.943622,67.377947
"Typhoid","BEN",170.415845,16.013513,726.734225,106.478282
"Typhoid","BFA",71.092568,11.752264,305.2326,46.581478
"Typhoid","BGD",7.417556,1.215453,18.838502,6.449945
"Typhoid","BLZ",6.645512,0.139496,31.289787,3.817824
"Typhoid","BOL",13.399257,0.704449,60.045363,8.230499
"Typhoid","BTN",5.79092,0.8952,28.597385,3.656494
"Typhoid","CAF",140.456242,16.336315,517.219323,116.819278
"Typhoid","CIV",53.782114,5.800463,216.59631,36.46053
"Typhoid","CMR",108.643045,12.110554,323.43941,94.005424
"Typhoid","COD",104.274553,0,840.126824,24.282672
"Typhoid","COG",28.134565,0,152.644323,10.467209
"Typhoid","COM",NA,NA,NA,NA
"Typhoid","CPV",34.912302,3.422294,183.011318,20.993756
"Typhoid","CUB",NA,NA,NA,NA
"Typhoid","DJI",21.816453,2.147859,116.332786,10.288898
"Typhoid","ERI",45.462543,4.877183,286.370157,21.515066
"Typhoid","ETH",57.124908,3.437858,402.120382,21.371476
"Typhoid","FJI",4.655586,0.516514,17.217209,3.349537
"Typhoid","FSM",3.517618,0.021306,16.605079,1.660269
"Typhoid","GEO",0.203874,0,1.497892,0.063767
"Typhoid","GHA",30.950042,6.20763,101.438712,23.439641
"Typhoid","GIN",NA,NA,NA,NA
"Typhoid","GMB",31.731201,6.24509,115.179945,22.371239
"Typhoid","GNB",25.793029,3.344453,98.426121,18.937225
"Typhoid","GTM",8.34242,0.548351,43.37041,4.667295
"Typhoid","GUY",5.952217,0.388201,27.509932,3.40558
"Typhoid","HND",4.622056,0.401131,23.698667,3.123164
"Typhoid","HTI",8.978424,0.715717,28.110702,7.345191
"Typhoid","IDN",1.906666,0.331558,4.8282,1.666439
"Typhoid","IND",5.247381,1.123196,15.343629,4.307344
"Typhoid","IRN",NA,NA,NA,NA
"Typhoid","KEN",49.910008,8.789513,183.708127,33.801364
"Typhoid","KGZ",NA,NA,NA,NA
"Typhoid","KHM",12.397709,2.096974,57.000532,7.207037
"Typhoid","KIR",25.790403,1.379542,79.740627,20.804114
"Typhoid","LAO",17.763075,2.065603,76.963874,10.209426
"Typhoid","LBR",118.163795,13.5795,663.562424,64.026243
"Typhoid","LKA",4.877434,0.589342,28.371576,2.665424
"Typhoid","LSO",NA,NA,NA,NA
"Typhoid","MAR",2.798878,0.239545,11.132881,2.296228
"Typhoid","MDA",NA,NA,NA,NA
"Typhoid","MDG",86.505668,7.97739,427.36317,42.64485
"Typhoid","MLI",56.713076,6.752879,277.138306,30.855122
"Typhoid","MMR",8.276356,1.003247,48.360739,3.844427
"Typhoid","MNG",5.134308,0.425083,28.349391,2.810622
"Typhoid","MOZ",34.781542,4.528875,151.107545,18.539618
"Typhoid","MRT",49.397738,6.167767,244.212615,29.102617
"Typhoid","MWI",22.465975,3.295906,106.522284,12.293217
"Typhoid","NAM",11.863565,1.313441,36.71686,8.471013
"Typhoid","NER",53.617,6.612327,234.086742,31.267065
"Typhoid","NGA",43.911124,7.904266,166.733148,30.976415
"Typhoid","NIC",NA,NA,NA,NA
"Typhoid","NPL",8.113613,1.079147,37.033269,4.703105
"Typhoid","PAK",2.085918,0.616442,6.06975,1.730874
"Typhoid","PER",9.133936,0.688945,44.015339,5.903947
"Typhoid","PHL",17.179947,1.837691,84.583898,9.644699
"Typhoid","PNG",241.414768,15.115122,773.573594,184.124282
"Typhoid","PRK",NA,NA,NA,NA
"Typhoid","PRY",2.932851,0.230101,13.172937,2.055632
"Typhoid","RWA",31.732222,3.383786,202.536727,14.100908
"Typhoid","SDN",20.188309,2.006708,92.953527,12.229874
"Typhoid","SEN",34.293984,5.491986,132.383477,22.580468
"Typhoid","SLB",60.16476,4.176143,200.095772,46.116589
"Typhoid","SLE",92.196453,11.67277,442.147377,49.437482
"Typhoid","SLV",1.233229,0.103226,5.94704,0.749245
"Typhoid","SOM",NA,NA,NA,NA
"Typhoid","SSD",NA,NA,NA,NA
"Typhoid","STP",76.593037,7.251982,221.065552,65.388148
"Typhoid","SWZ",18.021572,1.261126,91.045154,10.334376
"Typhoid","TCD",159.86193,17.35262,371.528751,146.835474
"Typhoid","TGO",49.322988,6.471057,299.498665,26.850894
"Typhoid","THA",4.828649,0.383256,22.101158,2.162251
"Typhoid","TJK",NA,NA,NA,NA
"Typhoid","TLS",NA,NA,NA,NA
"Typhoid","TON",NA,NA,NA,NA
"Typhoid","TZA",46.465984,4.270124,288.234094,20.479784
"Typhoid","UGA",27.629096,3.158715,140.068577,14.520184
"Typhoid","UKR",NA,NA,NA,NA
"Typhoid","UZB",5.660446,0.501157,28.581879,2.801729
"Typhoid","VEN",1.625284,0.139138,7.297485,1.069785
"Typhoid","VNM",NA,NA,NA,NA
"Typhoid","VUT",9.282014,0.763452,27.968956,7.553439
"Typhoid","WSM",4.948615,0.079254,16.547563,3.850394
"Typhoid","YEM",72.522387,4.668924,356.056175,46.865937
"Typhoid","ZAF",14.207388,1.183504,63.303999,8.240636
"Typhoid","ZMB",30.846132,4.304063,179.48949,15.527313
"Typhoid","ZWE",17.493781,1.42702,90.767834,8.760318
"YF","AGO",31.975069,6.575325,71.956655,29.424695
"YF","BDI",25.830455,8.829296,54.958962,24.349081
"YF","BEN",153.64247,22.415827,435.698507,127.292424
"YF","BFA",114.709831,25.726748,289.13468,99.348252
"YF","CAF",128.383144,15.132544,357.804389,108.745249
"YF","CIV",289.445285,19.438376,878.305083,247.751267
"YF","CMR",431.546331,16.495059,1259.233999,385.603693
"YF","COD",78.743456,6.516584,221.434596,66.028264
"YF","COG",31.77307,7.360236,68.694194,29.352732
"YF","COL",122.66163,19.68496,342.387985,105.457012
"YF","ECU",38.400114,11.025845,114.801536,30.052962
"YF","ERI",77.061368,4.701393,217.727362,67.047583
"YF","ETH",10.337227,1.784208,25.250459,9.258574
"YF","GHA",229.407797,17.889834,645.482004,190.635577
"YF","GIN",294.113914,32.276383,823.455064,255.772141
"YF","GMB",117.746452,21.762862,319.48606,101.865136
"YF","GNB",79.15845,13.961604,192.96812,71.665433
"YF","KEN",150.862345,6.977506,456.770154,129.40814
"YF","LBR",135.955159,36.750678,306.001081,125.08309
"YF","MLI",82.317197,21.724423,181.184357,73.73143
"YF","MRT",154.090597,22.105542,377.356896,134.781848
"YF","NER",48.461696,8.118474,127.857074,42.087112
"YF","NGA",69.282387,11.246441,186.840457,59.443389
"YF","PER",70.174492,19.139506,225.399145,57.513145
"YF","RWA",32.108699,9.540451,68.864115,29.269377
"YF","SDN",80.503838,5.890158,216.47758,71.648772
"YF","SEN",240.485268,33.110742,662.372479,210.051129
"YF","SLE",199.442858,22.216104,568.790126,172.718309
"YF","SOM",98.494767,7.64976,276.051608,86.789924
"YF","SSD",47.023745,4.915446,123.897151,42.610812
"YF","TCD",29.85883,6.290577,72.418388,26.491392
"YF","TGO",157.626815,24.169446,382.576253,138.256316
"YF","TZA",74.645895,6.449731,208.037097,63.898986
"YF","UGA",81.498579,11.667729,206.267812,71.749138
"YF","VEN",124.091428,20.747837,350.578374,107.541824
"YF","ZMB",33.167351,5.622174,86.271543,29.776397
